{
  "loss": 0.0002359373029321432,
  "val_loss": 0.00019049918046221137,
  "epoch": 1,
  "global_step": 2250
}