{
  "loss": 0.0005312769208103418,
  "val_loss": 0.00042167652281932533,
  "epoch": 2,
  "global_step": 99
}