{
  "loss": 0.0004904326051473618,
  "val_loss": 0.0004222228890284896,
  "epoch": 2,
  "global_step": 99
}