{
  "loss": 0.02406834065914154,
  "val_loss": 0.0015461236471310258,
  "epoch": 0,
  "global_step": 33
}