{
  "loss": 0.0001894151500891894,
  "val_loss": 0.00018546592036727816,
  "epoch": 38,
  "global_step": 43875
}